match_id,source_match_id,round_name,stage_type,is_knockout,date_source,time_source,kickoff_time_utc,kickoff_datetime_vietnam,kickoff_date_vietnam,kickoff_date_display_vietnam,kickoff_time_vietnam,kickoff_weekday_vietnam,kickoff_display_vietnam,home_team_id,home_team_name,away_team_id,away_team_name,venue,city,score_ft_home,score_ft_away,score_et_home,score_et_away,score_pen_home,score_pen_away,home_score_for_prediction,away_score_for_prediction,is_finished,winner_team_id,winner_team_name
1,1,Matchday 1,group,False,2026-06-11,13:00 UTC-6,2026-06-11 19:00:00+00:00,2026-06-12 02:00:00+07:00,2026-06-12,12/06/2026,02:00,Thứ 6,"02:00, 12/06/2026",58,Mexico,70,South Africa,,,2,0,,,,,2,0,True,58,Mexico
2,2,Matchday 1,group,False,2026-06-11,20:00 UTC-6,2026-06-12 02:00:00+00:00,2026-06-12 09:00:00+07:00,2026-06-12,12/06/2026,09:00,Thứ 6,"09:00, 12/06/2026",71,South Korea,42,Czech Republic,,,2,1,,,,,2,1,True,71,South Korea
3,3,Matchday 8,group,False,2026-06-18,12:00 UTC-4,2026-06-18 16:00:00+00:00,2026-06-18 23:00:00+07:00,2026-06-18,18/06/2026,23:00,Thứ 5,"23:00, 18/06/2026",42,Czech Republic,70,South Africa,,,1,1,,,,,1,1,True,,
4,4,Matchday 8,group,False,2026-06-18,19:00 UTC-6,2026-06-19 01:00:00+00:00,2026-06-19 08:00:00+07:00,2026-06-19,19/06/2026,08:00,Thứ 6,"08:00, 19/06/2026",58,Mexico,71,South Korea,,,1,0,,,,,1,0,True,58,Mexico
5,5,Matchday 14,group,False,2026-06-24,19:00 UTC-6,2026-06-25 01:00:00+00:00,2026-06-25 08:00:00+07:00,2026-06-25,25/06/2026,08:00,Thứ 5,"08:00, 25/06/2026",42,Czech Republic,58,Mexico,,,0,3,,,,,0,3,True,58,Mexico
6,6,Matchday 14,group,False,2026-06-24,19:00 UTC-6,2026-06-25 01:00:00+00:00,2026-06-25 08:00:00+07:00,2026-06-25,25/06/2026,08:00,Thứ 5,"08:00, 25/06/2026",70,South Africa,71,South Korea,,,1,0,,,,,1,0,True,70,South Africa
7,7,Matchday 2,group,False,2026-06-12,15:00 UTC-4,2026-06-12 19:00:00+00:00,2026-06-13 02:00:00+07:00,2026-06-13,13/06/2026,02:00,Thứ 7,"02:00, 13/06/2026",37,Canada,35,Bosnia & Herzegovina,,,1,1,,,,,1,1,True,,
8,8,Matchday 3,group,False,2026-06-13,12:00 UTC-7,2026-06-13 19:00:00+00:00,2026-06-14 02:00:00+07:00,2026-06-14,14/06/2026,02:00,Chủ nhật,"02:00, 14/06/2026",66,Qatar,74,Switzerland,,,1,1,,,,,1,1,True,,
9,9,Matchday 8,group,False,2026-06-18,12:00 UTC-7,2026-06-18 19:00:00+00:00,2026-06-19 02:00:00+07:00,2026-06-19,19/06/2026,02:00,Thứ 6,"02:00, 19/06/2026",74,Switzerland,35,Bosnia & Herzegovina,,,4,1,,,,,4,1,True,74,Switzerland
10,10,Matchday 8,group,False,2026-06-18,15:00 UTC-7,2026-06-18 22:00:00+00:00,2026-06-19 05:00:00+07:00,2026-06-19,19/06/2026,05:00,Thứ 6,"05:00, 19/06/2026",37,Canada,66,Qatar,,,6,0,,,,,6,0,True,37,Canada
11,11,Matchday 14,group,False,2026-06-24,12:00 UTC-7,2026-06-24 19:00:00+00:00,2026-06-25 02:00:00+07:00,2026-06-25,25/06/2026,02:00,Thứ 5,"02:00, 25/06/2026",74,Switzerland,37,Canada,,,2,1,,,,,2,1,True,74,Switzerland
12,12,Matchday 14,group,False,2026-06-24,12:00 UTC-7,2026-06-24 19:00:00+00:00,2026-06-25 02:00:00+07:00,2026-06-25,25/06/2026,02:00,Thứ 5,"02:00, 25/06/2026",35,Bosnia & Herzegovina,66,Qatar,,,3,1,,,,,3,1,True,35,Bosnia & Herzegovina
13,13,Matchday 3,group,False,2026-06-13,18:00 UTC-4,2026-06-13 22:00:00+00:00,2026-06-14 05:00:00+07:00,2026-06-14,14/06/2026,05:00,Chủ nhật,"05:00, 14/06/2026",36,Brazil,59,Morocco,,,1,1,,,,,1,1,True,,
14,14,Matchday 3,group,False,2026-06-13,21:00 UTC-4,2026-06-14 01:00:00+00:00,2026-06-14 08:00:00+07:00,2026-06-14,14/06/2026,08:00,Chủ nhật,"08:00, 14/06/2026",50,Haiti,68,Scotland,,,0,1,,,,,0,1,True,68,Scotland
15,15,Matchday 9,group,False,2026-06-19,18:00 UTC-4,2026-06-19 22:00:00+00:00,2026-06-20 05:00:00+07:00,2026-06-20,20/06/2026,05:00,Thứ 7,"05:00, 20/06/2026",68,Scotland,59,Morocco,,,0,1,,,,,0,1,True,59,Morocco
16,16,Matchday 9,group,False,2026-06-19,20:30 UTC-4,2026-06-20 00:30:00+00:00,2026-06-20 07:30:00+07:00,2026-06-20,20/06/2026,07:30,Thứ 7,"07:30, 20/06/2026",36,Brazil,50,Haiti,,,3,0,,,,,3,0,True,36,Brazil
17,17,Matchday 14,group,False,2026-06-24,18:00 UTC-4,2026-06-24 22:00:00+00:00,2026-06-25 05:00:00+07:00,2026-06-25,25/06/2026,05:00,Thứ 5,"05:00, 25/06/2026",68,Scotland,36,Brazil,,,0,3,,,,,0,3,True,36,Brazil
18,18,Matchday 14,group,False,2026-06-24,18:00 UTC-4,2026-06-24 22:00:00+00:00,2026-06-25 05:00:00+07:00,2026-06-25,25/06/2026,05:00,Thứ 5,"05:00, 25/06/2026",59,Morocco,50,Haiti,,,4,2,,,,,4,2,True,59,Morocco
19,19,Matchday 2,group,False,2026-06-12,18:00 UTC-7,2026-06-13 01:00:00+00:00,2026-06-13 08:00:00+07:00,2026-06-13,13/06/2026,08:00,Thứ 7,"08:00, 13/06/2026",77,USA,64,Paraguay,,,4,1,,,,,4,1,True,77,USA
20,20,Matchday 3,group,False,2026-06-13,21:00 UTC-7,2026-06-14 04:00:00+00:00,2026-06-14 11:00:00+07:00,2026-06-14,14/06/2026,11:00,Chủ nhật,"11:00, 14/06/2026",32,Australia,76,Turkey,,,2,0,,,,,2,0,True,32,Australia
21,21,Matchday 9,group,False,2026-06-19,12:00 UTC-7,2026-06-19 19:00:00+00:00,2026-06-20 02:00:00+07:00,2026-06-20,20/06/2026,02:00,Thứ 7,"02:00, 20/06/2026",77,USA,32,Australia,,,2,0,,,,,2,0,True,77,USA
22,22,Matchday 9,group,False,2026-06-19,20:00 UTC-7,2026-06-20 03:00:00+00:00,2026-06-20 10:00:00+07:00,2026-06-20,20/06/2026,10:00,Thứ 7,"10:00, 20/06/2026",76,Turkey,64,Paraguay,,,0,1,,,,,0,1,True,64,Paraguay
23,23,Matchday 15,group,False,2026-06-25,19:00 UTC-7,2026-06-26 02:00:00+00:00,2026-06-26 09:00:00+07:00,2026-06-26,26/06/2026,09:00,Thứ 6,"09:00, 26/06/2026",76,Turkey,77,USA,,,,,,,,,,,False,,
24,24,Matchday 15,group,False,2026-06-25,19:00 UTC-7,2026-06-26 02:00:00+00:00,2026-06-26 09:00:00+07:00,2026-06-26,26/06/2026,09:00,Thứ 6,"09:00, 26/06/2026",64,Paraguay,32,Australia,,,,,,,,,,,False,,
25,25,Matchday 4,group,False,2026-06-14,12:00 UTC-5,2026-06-14 17:00:00+00:00,2026-06-15 00:00:00+07:00,2026-06-15,15/06/2026,00:00,Thứ 2,"00:00, 15/06/2026",48,Germany,41,Curaçao,,,7,1,,,,,7,1,True,48,Germany
26,26,Matchday 4,group,False,2026-06-14,19:00 UTC-4,2026-06-14 23:00:00+00:00,2026-06-15 06:00:00+07:00,2026-06-15,15/06/2026,06:00,Thứ 2,"06:00, 15/06/2026",53,Ivory Coast,44,Ecuador,,,1,0,,,,,1,0,True,53,Ivory Coast
27,27,Matchday 10,group,False,2026-06-20,16:00 UTC-4,2026-06-20 20:00:00+00:00,2026-06-21 03:00:00+07:00,2026-06-21,21/06/2026,03:00,Chủ nhật,"03:00, 21/06/2026",48,Germany,53,Ivory Coast,,,2,1,,,,,2,1,True,48,Germany
28,28,Matchday 10,group,False,2026-06-20,19:00 UTC-5,2026-06-21 00:00:00+00:00,2026-06-21 07:00:00+07:00,2026-06-21,21/06/2026,07:00,Chủ nhật,"07:00, 21/06/2026",44,Ecuador,41,Curaçao,,,0,0,,,,,0,0,True,,
29,29,Matchday 15,group,False,2026-06-25,16:00 UTC-4,2026-06-25 20:00:00+00:00,2026-06-26 03:00:00+07:00,2026-06-26,26/06/2026,03:00,Thứ 6,"03:00, 26/06/2026",41,Curaçao,53,Ivory Coast,,,,,,,,,,,False,,
30,30,Matchday 15,group,False,2026-06-25,16:00 UTC-4,2026-06-25 20:00:00+00:00,2026-06-26 03:00:00+07:00,2026-06-26,26/06/2026,03:00,Thứ 6,"03:00, 26/06/2026",44,Ecuador,48,Germany,,,,,,,,,,,False,,
31,31,Matchday 4,group,False,2026-06-14,15:00 UTC-5,2026-06-14 20:00:00+00:00,2026-06-15 03:00:00+07:00,2026-06-15,15/06/2026,03:00,Thứ 2,"03:00, 15/06/2026",60,Netherlands,54,Japan,,,2,2,,,,,2,2,True,,
32,32,Matchday 4,group,False,2026-06-14,20:00 UTC-6,2026-06-15 02:00:00+00:00,2026-06-15 09:00:00+07:00,2026-06-15,15/06/2026,09:00,Thứ 2,"09:00, 15/06/2026",73,Sweden,75,Tunisia,,,5,1,,,,,5,1,True,73,Sweden
33,33,Matchday 10,group,False,2026-06-20,12:00 UTC-5,2026-06-20 17:00:00+00:00,2026-06-21 00:00:00+07:00,2026-06-21,21/06/2026,00:00,Chủ nhật,"00:00, 21/06/2026",60,Netherlands,73,Sweden,,,5,1,,,,,5,1,True,60,Netherlands
34,34,Matchday 10,group,False,2026-06-20,22:00 UTC-6,2026-06-21 04:00:00+00:00,2026-06-21 11:00:00+07:00,2026-06-21,21/06/2026,11:00,Chủ nhật,"11:00, 21/06/2026",75,Tunisia,54,Japan,,,0,4,,,,,0,4,True,54,Japan
35,35,Matchday 15,group,False,2026-06-25,18:00 UTC-5,2026-06-25 23:00:00+00:00,2026-06-26 06:00:00+07:00,2026-06-26,26/06/2026,06:00,Thứ 6,"06:00, 26/06/2026",54,Japan,73,Sweden,,,,,,,,,,,False,,
36,36,Matchday 15,group,False,2026-06-25,18:00 UTC-5,2026-06-25 23:00:00+00:00,2026-06-26 06:00:00+07:00,2026-06-26,26/06/2026,06:00,Thứ 6,"06:00, 26/06/2026",75,Tunisia,60,Netherlands,,,,,,,,,,,False,,
37,37,Matchday 5,group,False,2026-06-15,12:00 UTC-7,2026-06-15 19:00:00+00:00,2026-06-16 02:00:00+07:00,2026-06-16,16/06/2026,02:00,Thứ 3,"02:00, 16/06/2026",34,Belgium,45,Egypt,,,1,1,,,,,1,1,True,,
38,38,Matchday 5,group,False,2026-06-15,18:00 UTC-7,2026-06-16 01:00:00+00:00,2026-06-16 08:00:00+07:00,2026-06-16,16/06/2026,08:00,Thứ 3,"08:00, 16/06/2026",51,Iran,61,New Zealand,,,2,2,,,,,2,2,True,,
39,39,Matchday 11,group,False,2026-06-21,12:00 UTC-7,2026-06-21 19:00:00+00:00,2026-06-22 02:00:00+07:00,2026-06-22,22/06/2026,02:00,Thứ 2,"02:00, 22/06/2026",34,Belgium,51,Iran,,,0,0,,,,,0,0,True,,
40,40,Matchday 11,group,False,2026-06-21,18:00 UTC-7,2026-06-22 01:00:00+00:00,2026-06-22 08:00:00+07:00,2026-06-22,22/06/2026,08:00,Thứ 2,"08:00, 22/06/2026",61,New Zealand,45,Egypt,,,1,3,,,,,1,3,True,45,Egypt
41,41,Matchday 16,group,False,2026-06-26,20:00 UTC-7,2026-06-27 03:00:00+00:00,2026-06-27 10:00:00+07:00,2026-06-27,27/06/2026,10:00,Thứ 7,"10:00, 27/06/2026",45,Egypt,51,Iran,,,,,,,,,,,False,,
42,42,Matchday 16,group,False,2026-06-26,20:00 UTC-7,2026-06-27 03:00:00+00:00,2026-06-27 10:00:00+07:00,2026-06-27,27/06/2026,10:00,Thứ 7,"10:00, 27/06/2026",61,New Zealand,34,Belgium,,,,,,,,,,,False,,
43,43,Matchday 5,group,False,2026-06-15,12:00 UTC-4,2026-06-15 16:00:00+00:00,2026-06-15 23:00:00+07:00,2026-06-15,15/06/2026,23:00,Thứ 2,"23:00, 15/06/2026",72,Spain,38,Cape Verde,,,0,0,,,,,0,0,True,,
44,44,Matchday 5,group,False,2026-06-15,18:00 UTC-4,2026-06-15 22:00:00+00:00,2026-06-16 05:00:00+07:00,2026-06-16,16/06/2026,05:00,Thứ 3,"05:00, 16/06/2026",67,Saudi Arabia,78,Uruguay,,,1,1,,,,,1,1,True,,
45,45,Matchday 11,group,False,2026-06-21,12:00 UTC-4,2026-06-21 16:00:00+00:00,2026-06-21 23:00:00+07:00,2026-06-21,21/06/2026,23:00,Chủ nhật,"23:00, 21/06/2026",72,Spain,67,Saudi Arabia,,,4,0,,,,,4,0,True,72,Spain
46,46,Matchday 11,group,False,2026-06-21,18:00 UTC-4,2026-06-21 22:00:00+00:00,2026-06-22 05:00:00+07:00,2026-06-22,22/06/2026,05:00,Thứ 2,"05:00, 22/06/2026",78,Uruguay,38,Cape Verde,,,2,2,,,,,2,2,True,,
47,47,Matchday 16,group,False,2026-06-26,19:00 UTC-5,2026-06-27 00:00:00+00:00,2026-06-27 07:00:00+07:00,2026-06-27,27/06/2026,07:00,Thứ 7,"07:00, 27/06/2026",38,Cape Verde,67,Saudi Arabia,,,,,,,,,,,False,,
48,48,Matchday 16,group,False,2026-06-26,18:00 UTC-6,2026-06-27 00:00:00+00:00,2026-06-27 07:00:00+07:00,2026-06-27,27/06/2026,07:00,Thứ 7,"07:00, 27/06/2026",78,Uruguay,72,Spain,,,,,,,,,,,False,,
49,49,Matchday 6,group,False,2026-06-16,15:00 UTC-4,2026-06-16 19:00:00+00:00,2026-06-17 02:00:00+07:00,2026-06-17,17/06/2026,02:00,Thứ 4,"02:00, 17/06/2026",47,France,69,Senegal,,,3,1,,,,,3,1,True,47,France
50,50,Matchday 6,group,False,2026-06-16,18:00 UTC-4,2026-06-16 22:00:00+00:00,2026-06-17 05:00:00+07:00,2026-06-17,17/06/2026,05:00,Thứ 4,"05:00, 17/06/2026",52,Iraq,62,Norway,,,1,4,,,,,1,4,True,62,Norway
51,51,Matchday 12,group,False,2026-06-22,17:00 UTC-4,2026-06-22 21:00:00+00:00,2026-06-23 04:00:00+07:00,2026-06-23,23/06/2026,04:00,Thứ 3,"04:00, 23/06/2026",47,France,52,Iraq,,,3,0,,,,,3,0,True,47,France
52,52,Matchday 12,group,False,2026-06-22,20:00 UTC-4,2026-06-23 00:00:00+00:00,2026-06-23 07:00:00+07:00,2026-06-23,23/06/2026,07:00,Thứ 3,"07:00, 23/06/2026",62,Norway,69,Senegal,,,3,2,,,,,3,2,True,62,Norway
53,53,Matchday 16,group,False,2026-06-26,15:00 UTC-4,2026-06-26 19:00:00+00:00,2026-06-27 02:00:00+07:00,2026-06-27,27/06/2026,02:00,Thứ 7,"02:00, 27/06/2026",62,Norway,47,France,,,,,,,,,,,False,,
54,54,Matchday 16,group,False,2026-06-26,15:00 UTC-4,2026-06-26 19:00:00+00:00,2026-06-27 02:00:00+07:00,2026-06-27,27/06/2026,02:00,Thứ 7,"02:00, 27/06/2026",69,Senegal,52,Iraq,,,,,,,,,,,False,,
55,55,Matchday 6,group,False,2026-06-16,20:00 UTC-5,2026-06-17 01:00:00+00:00,2026-06-17 08:00:00+07:00,2026-06-17,17/06/2026,08:00,Thứ 4,"08:00, 17/06/2026",31,Argentina,30,Algeria,,,3,0,,,,,3,0,True,31,Argentina
56,56,Matchday 6,group,False,2026-06-16,21:00 UTC-7,2026-06-17 04:00:00+00:00,2026-06-17 11:00:00+07:00,2026-06-17,17/06/2026,11:00,Thứ 4,"11:00, 17/06/2026",33,Austria,55,Jordan,,,3,1,,,,,3,1,True,33,Austria
57,57,Matchday 12,group,False,2026-06-22,12:00 UTC-5,2026-06-22 17:00:00+00:00,2026-06-23 00:00:00+07:00,2026-06-23,23/06/2026,00:00,Thứ 3,"00:00, 23/06/2026",31,Argentina,33,Austria,,,2,0,,,,,2,0,True,31,Argentina
58,58,Matchday 12,group,False,2026-06-22,20:00 UTC-7,2026-06-23 03:00:00+00:00,2026-06-23 10:00:00+07:00,2026-06-23,23/06/2026,10:00,Thứ 3,"10:00, 23/06/2026",55,Jordan,30,Algeria,,,1,2,,,,,1,2,True,30,Algeria
59,59,Matchday 17,group,False,2026-06-27,21:00 UTC-5,2026-06-28 02:00:00+00:00,2026-06-28 09:00:00+07:00,2026-06-28,28/06/2026,09:00,Chủ nhật,"09:00, 28/06/2026",30,Algeria,33,Austria,,,,,,,,,,,False,,
60,60,Matchday 17,group,False,2026-06-27,21:00 UTC-5,2026-06-28 02:00:00+00:00,2026-06-28 09:00:00+07:00,2026-06-28,28/06/2026,09:00,Chủ nhật,"09:00, 28/06/2026",55,Jordan,31,Argentina,,,,,,,,,,,False,,
61,61,Matchday 7,group,False,2026-06-17,12:00 UTC-5,2026-06-17 17:00:00+00:00,2026-06-18 00:00:00+07:00,2026-06-18,18/06/2026,00:00,Thứ 5,"00:00, 18/06/2026",65,Portugal,43,DR Congo,,,1,1,,,,,1,1,True,,
62,62,Matchday 7,group,False,2026-06-17,20:00 UTC-6,2026-06-18 02:00:00+00:00,2026-06-18 09:00:00+07:00,2026-06-18,18/06/2026,09:00,Thứ 5,"09:00, 18/06/2026",79,Uzbekistan,39,Colombia,,,1,3,,,,,1,3,True,39,Colombia
63,63,Matchday 13,group,False,2026-06-23,12:00 UTC-5,2026-06-23 17:00:00+00:00,2026-06-24 00:00:00+07:00,2026-06-24,24/06/2026,00:00,Thứ 4,"00:00, 24/06/2026",65,Portugal,79,Uzbekistan,,,5,0,,,,,5,0,True,65,Portugal
64,64,Matchday 13,group,False,2026-06-23,20:00 UTC-6,2026-06-24 02:00:00+00:00,2026-06-24 09:00:00+07:00,2026-06-24,24/06/2026,09:00,Thứ 4,"09:00, 24/06/2026",39,Colombia,43,DR Congo,,,1,0,,,,,1,0,True,39,Colombia
65,65,Matchday 17,group,False,2026-06-27,19:30 UTC-4,2026-06-27 23:30:00+00:00,2026-06-28 06:30:00+07:00,2026-06-28,28/06/2026,06:30,Chủ nhật,"06:30, 28/06/2026",39,Colombia,65,Portugal,,,,,,,,,,,False,,
66,66,Matchday 17,group,False,2026-06-27,19:30 UTC-4,2026-06-27 23:30:00+00:00,2026-06-28 06:30:00+07:00,2026-06-28,28/06/2026,06:30,Chủ nhật,"06:30, 28/06/2026",43,DR Congo,79,Uzbekistan,,,,,,,,,,,False,,
67,67,Matchday 7,group,False,2026-06-17,15:00 UTC-5,2026-06-17 20:00:00+00:00,2026-06-18 03:00:00+07:00,2026-06-18,18/06/2026,03:00,Thứ 5,"03:00, 18/06/2026",46,England,40,Croatia,,,4,2,,,,,4,2,True,46,England
68,68,Matchday 7,group,False,2026-06-17,19:00 UTC-4,2026-06-17 23:00:00+00:00,2026-06-18 06:00:00+07:00,2026-06-18,18/06/2026,06:00,Thứ 5,"06:00, 18/06/2026",49,Ghana,63,Panama,,,1,0,,,,,1,0,True,49,Ghana
69,69,Matchday 13,group,False,2026-06-23,16:00 UTC-4,2026-06-23 20:00:00+00:00,2026-06-24 03:00:00+07:00,2026-06-24,24/06/2026,03:00,Thứ 4,"03:00, 24/06/2026",46,England,49,Ghana,,,0,0,,,,,0,0,True,,
70,70,Matchday 13,group,False,2026-06-23,19:00 UTC-4,2026-06-23 23:00:00+00:00,2026-06-24 06:00:00+07:00,2026-06-24,24/06/2026,06:00,Thứ 4,"06:00, 24/06/2026",63,Panama,40,Croatia,,,0,1,,,,,0,1,True,40,Croatia
71,71,Matchday 17,group,False,2026-06-27,17:00 UTC-4,2026-06-27 21:00:00+00:00,2026-06-28 04:00:00+07:00,2026-06-28,28/06/2026,04:00,Chủ nhật,"04:00, 28/06/2026",63,Panama,46,England,,,,,,,,,,,False,,
72,72,Matchday 17,group,False,2026-06-27,17:00 UTC-4,2026-06-27 21:00:00+00:00,2026-06-28 04:00:00+07:00,2026-06-28,28/06/2026,04:00,Chủ nhật,"04:00, 28/06/2026",40,Croatia,49,Ghana,,,,,,,,,,,False,,
73,73,Round of 32,knockout,True,2026-06-28,12:00 UTC-7,2026-06-28 19:00:00+00:00,2026-06-29 02:00:00+07:00,2026-06-29,29/06/2026,02:00,Thứ 2,"02:00, 29/06/2026",10,2A,11,2B,,,,,,,,,,,False,,
74,74,Round of 32,knockout,True,2026-06-29,16:30 UTC-4,2026-06-29 20:30:00+00:00,2026-06-30 03:30:00+07:00,2026-06-30,30/06/2026,03:30,Thứ 3,"03:30, 30/06/2026",48,Germany,22,3A/B/C/D/F,,,,,,,,,,,False,,
75,75,Round of 32,knockout,True,2026-06-29,19:00 UTC-6,2026-06-30 01:00:00+00:00,2026-06-30 08:00:00+07:00,2026-06-30,30/06/2026,08:00,Thứ 3,"08:00, 30/06/2026",3,1F,12,2C,,,,,,,,,,,False,,
76,76,Round of 32,knockout,True,2026-06-29,12:00 UTC-5,2026-06-29 17:00:00+00:00,2026-06-30 00:00:00+07:00,2026-06-30,30/06/2026,00:00,Thứ 3,"00:00, 30/06/2026",2,1C,15,2F,,,,,,,,,,,False,,
77,77,Round of 32,knockout,True,2026-06-30,17:00 UTC-4,2026-06-30 21:00:00+00:00,2026-07-01 04:00:00+07:00,2026-07-01,01/07/2026,04:00,Thứ 4,"04:00, 01/07/2026",6,1I,25,3C/D/F/G/H,,,,,,,,,,,False,,
78,78,Round of 32,knockout,True,2026-06-30,12:00 UTC-5,2026-06-30 17:00:00+00:00,2026-07-01 00:00:00+07:00,2026-07-01,01/07/2026,00:00,Thứ 4,"00:00, 01/07/2026",14,2E,18,2I,,,,,,,,,,,False,,
79,79,Round of 32,knockout,True,2026-06-30,19:00 UTC-6,2026-07-01 01:00:00+00:00,2026-07-01 08:00:00+07:00,2026-07-01,01/07/2026,08:00,Thứ 4,"08:00, 01/07/2026",58,Mexico,26,3C/E/F/H/I,,,,,,,,,,,False,,
80,80,Round of 32,knockout,True,2026-07-01,12:00 UTC-4,2026-07-01 16:00:00+00:00,2026-07-01 23:00:00+07:00,2026-07-01,01/07/2026,23:00,Thứ 4,"23:00, 01/07/2026",9,1L,29,3E/H/I/J/K,,,,,,,,,,,False,,
81,81,Round of 32,knockout,True,2026-07-01,17:00 UTC-7,2026-07-02 00:00:00+00:00,2026-07-02 07:00:00+07:00,2026-07-02,02/07/2026,07:00,Thứ 5,"07:00, 02/07/2026",77,USA,24,3B/E/F/I/J,,,,,,,,,,,False,,
82,82,Round of 32,knockout,True,2026-07-01,13:00 UTC-7,2026-07-01 20:00:00+00:00,2026-07-02 03:00:00+07:00,2026-07-02,02/07/2026,03:00,Thứ 5,"03:00, 02/07/2026",4,1G,23,3A/E/H/I/J,,,,,,,,,,,False,,
83,83,Round of 32,knockout,True,2026-07-02,19:00 UTC-4,2026-07-02 23:00:00+00:00,2026-07-03 06:00:00+07:00,2026-07-03,03/07/2026,06:00,Thứ 6,"06:00, 03/07/2026",20,2K,21,2L,,,,,,,,,,,False,,
84,84,Round of 32,knockout,True,2026-07-02,12:00 UTC-7,2026-07-02 19:00:00+00:00,2026-07-03 02:00:00+07:00,2026-07-03,03/07/2026,02:00,Thứ 6,"02:00, 03/07/2026",5,1H,19,2J,,,,,,,,,,,False,,
85,85,Round of 32,knockout,True,2026-07-02,20:00 UTC-7,2026-07-03 03:00:00+00:00,2026-07-03 10:00:00+07:00,2026-07-03,03/07/2026,10:00,Thứ 6,"10:00, 03/07/2026",1,1B,28,3E/F/G/I/J,,,,,,,,,,,False,,
86,86,Round of 32,knockout,True,2026-07-03,18:00 UTC-4,2026-07-03 22:00:00+00:00,2026-07-04 05:00:00+07:00,2026-07-04,04/07/2026,05:00,Thứ 7,"05:00, 04/07/2026",7,1J,17,2H,,,,,,,,,,,False,,
87,87,Round of 32,knockout,True,2026-07-03,20:30 UTC-5,2026-07-04 01:30:00+00:00,2026-07-04 08:30:00+07:00,2026-07-04,04/07/2026,08:30,Thứ 7,"08:30, 04/07/2026",8,1K,27,3D/E/I/J/L,,,,,,,,,,,False,,
88,88,Round of 32,knockout,True,2026-07-03,13:00 UTC-5,2026-07-03 18:00:00+00:00,2026-07-04 01:00:00+07:00,2026-07-04,04/07/2026,01:00,Thứ 7,"01:00, 04/07/2026",13,2D,16,2G,,,,,,,,,,,False,,
89,89,Round of 16,knockout,True,2026-07-04,17:00 UTC-4,2026-07-04 21:00:00+00:00,2026-07-05 04:00:00+07:00,2026-07-05,05/07/2026,04:00,Chủ nhật,"04:00, 05/07/2026",84,W74,87,W77,,,,,,,,,,,False,,
90,90,Round of 16,knockout,True,2026-07-04,12:00 UTC-5,2026-07-04 17:00:00+00:00,2026-07-05 00:00:00+07:00,2026-07-05,05/07/2026,00:00,Chủ nhật,"00:00, 05/07/2026",83,W73,85,W75,,,,,,,,,,,False,,
91,91,Round of 16,knockout,True,2026-07-05,16:00 UTC-4,2026-07-05 20:00:00+00:00,2026-07-06 03:00:00+07:00,2026-07-06,06/07/2026,03:00,Thứ 2,"03:00, 06/07/2026",86,W76,88,W78,,,,,,,,,,,False,,
92,92,Round of 16,knockout,True,2026-07-05,18:00 UTC-6,2026-07-06 00:00:00+00:00,2026-07-06 07:00:00+07:00,2026-07-06,06/07/2026,07:00,Thứ 2,"07:00, 06/07/2026",89,W79,90,W80,,,,,,,,,,,False,,
93,93,Round of 16,knockout,True,2026-07-06,14:00 UTC-5,2026-07-06 19:00:00+00:00,2026-07-07 02:00:00+07:00,2026-07-07,07/07/2026,02:00,Thứ 3,"02:00, 07/07/2026",93,W83,94,W84,,,,,,,,,,,False,,
94,94,Round of 16,knockout,True,2026-07-06,17:00 UTC-7,2026-07-07 00:00:00+00:00,2026-07-07 07:00:00+07:00,2026-07-07,07/07/2026,07:00,Thứ 3,"07:00, 07/07/2026",91,W81,92,W82,,,,,,,,,,,False,,
95,95,Round of 16,knockout,True,2026-07-07,12:00 UTC-4,2026-07-07 16:00:00+00:00,2026-07-07 23:00:00+07:00,2026-07-07,07/07/2026,23:00,Thứ 3,"23:00, 07/07/2026",96,W86,98,W88,,,,,,,,,,,False,,
96,96,Round of 16,knockout,True,2026-07-07,13:00 UTC-7,2026-07-07 20:00:00+00:00,2026-07-08 03:00:00+07:00,2026-07-08,08/07/2026,03:00,Thứ 4,"03:00, 08/07/2026",95,W85,97,W87,,,,,,,,,,,False,,
97,97,Quarter-final,knockout,True,2026-07-09,16:00 UTC-4,2026-07-09 20:00:00+00:00,2026-07-10 03:00:00+07:00,2026-07-10,10/07/2026,03:00,Thứ 6,"03:00, 10/07/2026",99,W89,100,W90,,,,,,,,,,,False,,
98,98,Quarter-final,knockout,True,2026-07-10,12:00 UTC-7,2026-07-10 19:00:00+00:00,2026-07-11 02:00:00+07:00,2026-07-11,11/07/2026,02:00,Thứ 7,"02:00, 11/07/2026",103,W93,104,W94,,,,,,,,,,,False,,
99,99,Quarter-final,knockout,True,2026-07-11,17:00 UTC-4,2026-07-11 21:00:00+00:00,2026-07-12 04:00:00+07:00,2026-07-12,12/07/2026,04:00,Chủ nhật,"04:00, 12/07/2026",101,W91,102,W92,,,,,,,,,,,False,,
100,100,Quarter-final,knockout,True,2026-07-11,20:00 UTC-5,2026-07-12 01:00:00+00:00,2026-07-12 08:00:00+07:00,2026-07-12,12/07/2026,08:00,Chủ nhật,"08:00, 12/07/2026",105,W95,106,W96,,,,,,,,,,,False,,
101,101,Semi-final,knockout,True,2026-07-14,14:00 UTC-5,2026-07-14 19:00:00+00:00,2026-07-15 02:00:00+07:00,2026-07-15,15/07/2026,02:00,Thứ 4,"02:00, 15/07/2026",107,W97,108,W98,,,,,,,,,,,False,,
102,102,Semi-final,knockout,True,2026-07-15,15:00 UTC-4,2026-07-15 19:00:00+00:00,2026-07-16 02:00:00+07:00,2026-07-16,16/07/2026,02:00,Thứ 5,"02:00, 16/07/2026",109,W99,80,W100,,,,,,,,,,,False,,
103,103,Match for third place,knockout,True,2026-07-18,17:00 UTC-4,2026-07-18 21:00:00+00:00,2026-07-19 04:00:00+07:00,2026-07-19,19/07/2026,04:00,Chủ nhật,"04:00, 19/07/2026",56,L101,57,L102,,,,,,,,,,,False,,
104,104,Final,knockout,True,2026-07-19,15:00 UTC-4,2026-07-19 19:00:00+00:00,2026-07-20 02:00:00+07:00,2026-07-20,20/07/2026,02:00,Thứ 2,"02:00, 20/07/2026",81,W101,82,W102,,,,,,,,,,,False,,
